Date,RELIANCE Open,RELIANCE High,RELIANCE Low,RELIANCE Close,RELIANCE Adj Close,RELIANCE Volume,DMART Open,DMART High,DMART Low,DMART Close,DMART Close,DMART Volume,,,,,,,,,,DROPDOWN,,Date,DMART High,RELIANCE High
6/27/2022,2544.949951,2544.949951,2481.550049,2492.649902,2485.167725,7141493,3460,3460,3400,3408.600098,3408.600098,276838,,,,,,,,,,DMART High,,6/27/2022,3460,2544.949951
6/28/2022,2482.100098,2533.949951,2482.100098,2527.699951,2520.112549,6263867,3407.550049,3497,3374,3479.949951,3479.949951,440886,,,,,,,,,,RELIANCE High,,6/28/2022,3497,2533.949951
6/29/2022,2507.199951,2597,2501,2580.149902,2572.405029,8863172,3450.449951,3527,3425,3445.25,3445.25,405633,,,,,,,,,,DMART,,6/29/2022,3527,2597
6/30/2022,2580,2615.899902,2566,2595.649902,2587.858643,10666627,3445.199951,3469,3370,3406.100098,3406.100098,384404,,,,,,,,,,,,6/30/2022,3469,2615.899902
7/1/2022,2574.899902,2592,2365,2408.699951,2401.469727,37841671,3394.449951,3406.649902,3331.100098,3388.75,3388.75,311228,,,,,,,,,,,,7/1/2022,3406.649902,2592
7/4/2022,2378.949951,2442,2366.100098,2413.699951,2406.454834,19317335,3530,3555,3460,3495.5,3495.5,766616,,,,,,,,,,,,7/4/2022,3555,2442
7/5/2022,2423,2464.899902,2417.100098,2433.25,2425.946045,8144239,3506,3657.649902,3506,3639.050049,3639.050049,859254,,,,,,,,,,,,7/5/2022,3657.649902,2464.899902
7/6/2022,2420.100098,2441.949951,2388,2411.850098,2404.610352,11050026,3650,3830,3650,3792,3792,751853,,,,,,,,,,,,7/6/2022,3830,2441.949951
7/7/2022,2425.899902,2433.25,2375,2388.100098,2380.931641,10753423,3870,3935.600098,3830,3850.949951,3850.949951,463192,,,,,,,,,,,,7/7/2022,3935.600098,2433.25
7/8/2022,2418,2418,2382.550049,2391.399902,2384.22168,8773162,3868.399902,3974,3851.100098,3941.699951,3941.699951,568785,,,,,,,,,,,,7/8/2022,3974,2418
7/11/2022,2376.5,2428.800049,2370,2423.899902,2416.624023,6390604,4000,4087.850098,3892,3986.850098,3986.850098,2331905,,,,,,,,,,,,7/11/2022,4087.850098,2428.800049
7/12/2022,2404,2439.699951,2404,2420.449951,2413.18457,4974502,3986.5,3986.850098,3855,3878.399902,3878.399902,569128,,,,,,,,,,,,7/12/2022,3986.850098,2439.699951
7/13/2022,2427.300049,2434,2373,2377.550049,2370.41333,6564435,3900,3944,3870,3883.350098,3883.350098,423704,,,,,,,,,,,,7/13/2022,3944,2434
7/14/2022,2388,2433.949951,2376.949951,2397.149902,2389.954346,7831798,3913.899902,3944,3884,3924.850098,3924.850098,372526,,,,,,,,,,,,7/14/2022,3944,2433.949951
7/15/2022,2415,2415,2383.100098,2401.800049,2394.590576,4431880,3925,3939.899902,3888,3926.800049,3926.800049,194371,,,,,,,,,,,,7/15/2022,3939.899902,2415
7/18/2022,2421,2425,2392.300049,2422.25,2414.979248,6996757,3951,3968,3920,3945.75,3945.75,287481,,,,,,,,,,,,7/18/2022,3968,2425
7/19/2022,2400.300049,2447,2400.300049,2437.100098,2429.784668,7587006,3911,3942,3911,3931.300049,3931.300049,169004,,,,,,,,,,,,7/19/2022,3942,2447
7/20/2022,2540,2542.5,2486.25,2503,2495.486816,11041036,3960,3965,3902,3915.449951,3915.449951,251615,,,,,,6/23/2023,,,,,,7/20/2022,3965,2542.5
7/21/2022,2494,2500,2467.300049,2486.300049,2478.836914,7625468,3930,4059,3920.050049,4035.350098,4035.350098,587934,,,,,Open,3823.949951,,,,,,7/21/2022,4059,2500
7/22/2022,2500,2516.300049,2495,2503.100098,2495.58667,5062651,4070,4077.899902,3950,3963.399902,3963.399902,457904,,,,,High,#N/A,,,,,,7/22/2022,4077.899902,2516.300049
7/25/2022,2467.449951,2467.449951,2403,2420.399902,2413.134521,10665470,3973,4050,3935,4040.050049,4040.050049,444451,,,,,Low,#N/A,,,,,,7/25/2022,4050,2467.449951
7/26/2022,2421.100098,2443.899902,2411.350098,2421.5,2414.231445,5216466,4038,4038,3909,3932.399902,3932.399902,430993,,,,,52 wk High,4609,,,,,,7/26/2022,4038,2443.899902
7/27/2022,2419.949951,2427,2402,2419.199951,2411.938232,3994321,3940,4010,3920,4000.949951,4000.949951,245970,,,,,52 wk low,3292,,,,,,7/27/2022,4010,2427
7/28/2022,2436,2467.949951,2421,2457.100098,2449.724609,5766936,4020,4164,4001,4147.799805,4147.799805,725281,,,,,,,,,,,,7/28/2022,4164,2467.949951
7/29/2022,2474.699951,2517.100098,2464,2509.449951,2501.91748,6982808,4215,4250,4183.450195,4243.850098,4243.850098,514745,,,,,,,,,,,,7/29/2022,4250,2517.100098
8/1/2022,2519.149902,2587.75,2507.600098,2574.850098,2567.121094,7245568,4251.950195,4317,4246.5,4307.649902,4307.649902,399725,,,,,,,,,,,,8/1/2022,4317,2587.75
8/2/2022,2572.5,2607.800049,2561.550049,2584.649902,2576.891602,6423115,4306,4306,4235.049805,4259.100098,4259.100098,311279,,,,,,,,,,,,8/2/2022,4306,2607.800049
8/3/2022,2600,2610,2567.449951,2606.350098,2598.526611,6576824,4251,4298,4180.100098,4253.149902,4253.149902,289000,,,,,,,,,,,,8/3/2022,4298,2610
8/4/2022,2610,2617.75,2535,2571.899902,2564.179932,6676577,4268,4314.899902,4175,4239.100098,4239.100098,593274,,,,,,,,,,,,8/4/2022,4314.899902,2617.75
8/5/2022,2576,2578.800049,2526.949951,2534,2526.393799,6434433,4238,4295,4187.149902,4232.25,4232.25,528876,,,,,,,,,,,,8/5/2022,4295,2578.800049
8/8/2022,2531,2583.550049,2531,2567.149902,2559.444092,4691228,4237.399902,4267.399902,4233,4250.049805,4250.049805,200014,,,,,,,,,,,,8/8/2022,4267.399902,2583.550049
8/10/2022,2576.899902,2589.899902,2557.050049,2582.5,2574.748047,4949442,4250.049805,4278.950195,4219.850098,4250.700195,4250.700195,238239,,,,,,,,,,,,8/10/2022,4278.950195,2589.899902
8/11/2022,2603.100098,2609.899902,2580.199951,2591.100098,2583.32251,3783480,4280,4295,4260,4274.850098,4274.850098,246094,,,,,,,,,,,,8/11/2022,4295,2609.899902
8/12/2022,2590.300049,2641.350098,2582.199951,2633,2625.096436,5838244,4274.850098,4387,4255,4336.700195,4336.700195,448303,,,,,,,,,,,,8/12/2022,4387,2641.350098
8/16/2022,2646.199951,2657.300049,2627.300049,2651.300049,2643.341553,3049304,4355,4412,4350.549805,4402.100098,4402.100098,290414,,,,,,,,,,,,8/16/2022,4412,2657.300049
8/17/2022,2665,2676.899902,2655.550049,2665.149902,2657.149902,3044037,4422,4438,4370,4398.649902,4398.649902,316826,,,,,,,,,,,,8/17/2022,4438,2676.899902
8/18/2022,2660,2669,2640.199951,2661.300049,2661.300049,3419730,4425,4493.100098,4401.049805,4460.950195,4460.950195,468551,,,,,,,,,,,,8/18/2022,4493.100098,2669
8/19/2022,2650,2661.699951,2604.949951,2613.850098,2613.850098,4366123,4487,4523.5,4352.75,4382,4382,437762,,,,,,,,,,,,8/19/2022,4523.5,2661.699951
8/22/2022,2617,2631.300049,2586,2606.600098,2606.600098,4371179,4371,4371,4231,4250.75,4250.75,330916,,,,,,,,,,,,8/22/2022,4371,2631.300049
8/23/2022,2594,2653.199951,2591.350098,2646.800049,2646.800049,4466619,4195,4301,4170.549805,4256.950195,4256.950195,285843,,,,,,,,,,,,8/23/2022,4301,2653.199951
8/24/2022,2640.100098,2670,2635.350098,2639.75,2639.75,4785579,4269,4356,4266,4304.25,4304.25,270843,,,,,,,,,,,,8/24/2022,4356,2670
8/25/2022,2648.949951,2662.899902,2622.600098,2632.050049,2632.050049,3632902,4339.899902,4394,4312.049805,4341.25,4341.25,246543,,,,,,,,,,,,8/25/2022,4394,2662.899902
8/26/2022,2633,2650,2607,2618,2618,4957449,4384,4414.5,4370.049805,4409.649902,4409.649902,202948,,,,,,,,,,,,8/26/2022,4414.5,2650
8/29/2022,2585,2655,2578.050049,2597.649902,2597.649902,9155684,4270,4450,4270,4431.549805,4431.549805,352554,,,,,,,,,,,,8/29/2022,4450,2655
8/30/2022,2614,2645.25,2576.600098,2637.949951,2637.949951,10678670,4475,4550,4460.299805,4531.350098,4531.350098,426171,,,,,,,,,,,,8/30/2022,4550,2645.25
9/1/2022,2582.649902,2604.949951,2550.699951,2560.399902,2560.399902,9188434,4494,4599.399902,4462,4565.850098,4565.850098,431835,,,,,,,,,,,,9/1/2022,4599.399902,2604.949951
9/2/2022,2560.399902,2575.350098,2525.699951,2530.5,2530.5,5999196,4572.899902,4609,4511,4576.799805,4576.799805,268702,,,,,,,,,,,,9/2/2022,4609,2575.350098
9/5/2022,2531,2581.5,2531,2569.800049,2569.800049,5227785,4584.799805,4606.149902,4550,4577.450195,4577.450195,216543,,,,,,,,,,,,9/5/2022,4606.149902,2581.5
9/6/2022,2573,2606,2572,2596.850098,2596.850098,5030172,4599,4603.950195,4531,4557.100098,4557.100098,258981,,,,,,,,,,,,9/6/2022,4603.950195,2606
9/7/2022,2575,2594.899902,2570,2581.75,2581.75,3455942,4532,4548,4402.299805,4426.299805,4426.299805,322460,,,,,,,,,,,,9/7/2022,4548,2594.899902
9/8/2022,2588.25,2598,2571,2585.399902,2585.399902,3256840,4499,4499,4390,4406.049805,4406.049805,214781,,,,,,,,,,,,9/8/2022,4499,2598
9/9/2022,2610,2610,2564,2569.300049,2569.300049,3837302,4448.549805,4448.549805,4370,4386.100098,4386.100098,210596,,,,,,,,,,,,9/9/2022,4448.549805,2610
9/12/2022,2570.550049,2612,2570.550049,2598.050049,2598.050049,3431445,4440,4475,4400,4443.950195,4443.950195,252381,,,,,,,,,,,,9/12/2022,4475,2612
9/13/2022,2618,2629.699951,2601,2619.75,2619.75,4102114,4470,4510,4447.799805,4493.25,4493.25,293076,,,,,,,,,,,,9/13/2022,4510,2629.699951
9/14/2022,2575,2610,2572.75,2588.350098,2588.350098,4004997,4450,4518,4426.149902,4478.25,4478.25,268511,,,,,,,,,,,,9/14/2022,4518,2610
9/15/2022,2583,2603.550049,2556.75,2562.699951,2562.699951,4783723,4499,4539,4475,4525.850098,4525.850098,221683,,,,,,,,,,,,9/15/2022,4539,2603.550049
9/16/2022,2543.75,2553,2491,2499.199951,2499.199951,9330469,4528.899902,4550,4285.399902,4327.549805,4327.549805,584163,,,,,,,,,,,,9/16/2022,4550,2553
9/19/2022,2499.199951,2522.699951,2481.350098,2502.449951,2502.449951,3498286,4340,4417.200195,4271.25,4348,4348,235756,,,,,,,,,,,,9/19/2022,4417.200195,2522.699951
9/20/2022,2522.449951,2537.699951,2494.699951,2502.850098,2502.850098,3881882,4401.100098,4412,4330,4349.299805,4349.299805,203661,,,,,,,,,,,,9/20/2022,4412,2537.699951
9/21/2022,2496.75,2533,2495,2509.75,2509.75,4249172,4349,4394.950195,4292.049805,4308.700195,4308.700195,223827,,,,,,,,,,,,9/21/2022,4394.950195,2533
9/22/2022,2486,2503,2472.100098,2486.100098,2486.100098,4757219,4288.75,4440.600098,4257,4431.700195,4431.700195,465230,,,,,,,,,,,,9/22/2022,4440.600098,2503
9/23/2022,2485,2495.949951,2436.100098,2439.5,2439.5,4397194,4450,4469.899902,4351,4367,4367,241647,,,,,,,,,,,,9/23/2022,4469.899902,2495.949951
9/26/2022,2394.050049,2417.800049,2375.149902,2377.350098,2377.350098,5759298,4323,4448,4261,4375.299805,4375.299805,403076,,,,,,,,,,,,9/26/2022,4448,2417.800049
9/27/2022,2394,2426,2360.100098,2396.25,2396.25,7455448,4375.299805,4417.5,4270,4283.200195,4283.200195,237462,,,,,,,,,,,,9/27/2022,4417.5,2426
9/28/2022,2360.350098,2378,2327.100098,2332.449951,2332.449951,7844140,4249,4367.950195,4240,4318.149902,4318.149902,352261,,,,,,,,,,,,9/28/2022,4367.950195,2378
9/29/2022,2360,2367.5,2313,2325.300049,2325.300049,6771046,4365,4416.950195,4220.100098,4240.549805,4240.549805,518364,,,,,,,,,,,,9/29/2022,4416.950195,2367.5
9/30/2022,2311,2402,2311,2377.75,2377.75,8589908,4270,4400,4251.200195,4386.549805,4386.549805,352698,,,,,,,,,,,,9/30/2022,4400,2402
10/3/2022,2391.5,2416.949951,2363,2369.5,2369.5,5470030,4399,4465.850098,4389.799805,4443.75,4443.75,296102,,,,,,,,,,,,10/3/2022,4465.850098,2416.949951
10/4/2022,2397.800049,2418,2390.149902,2413.199951,2413.199951,4129893,4600,4600,4460.549805,4479.549805,4479.549805,605857,,,,,,,,,,,,10/4/2022,4600,2418
10/6/2022,2429,2450,2418.149902,2422.100098,2422.100098,6162021,4540,4540,4400,4413.850098,4413.850098,326251,,,,,,,,,,,,10/6/2022,4540,2450
10/7/2022,2414.649902,2443.899902,2414.649902,2432.350098,2432.350098,3560167,4435.950195,4482,4411.25,4471.450195,4471.450195,213203,,,,,,,,,,,,10/7/2022,4482,2443.899902
10/10/2022,2405,2417.600098,2388,2405.800049,2405.800049,2921076,4440.100098,4495,4406.049805,4471.75,4471.75,183914,,,,,,,,,,,,10/10/2022,4495,2417.600098
10/11/2022,2414,2414,2351.100098,2357.899902,2357.899902,4252803,4485,4486,4358.5,4381.100098,4381.100098,268072,,,,,,,,,,,,10/11/2022,4486,2414
10/12/2022,2352,2381.699951,2343.100098,2375.25,2375.25,3422992,4398.75,4429,4330,4352.899902,4352.899902,207335,,,,,,,,,,,,10/12/2022,4429,2381.699951
10/13/2022,2371.399902,2394,2360.100098,2382.800049,2382.800049,3382098,4366,4366,4300.100098,4309.950195,4309.950195,171144,,,,,,,,,,,,10/13/2022,4366,2394
10/14/2022,2415,2416.350098,2369.100098,2370.699951,2370.699951,4202459,4398.5,4399,4291.149902,4306.149902,4306.149902,188039,,,,,,,,,,,,10/14/2022,4399,2416.350098
10/17/2022,2355,2414,2343.600098,2408.75,2408.75,7720595,4283.950195,4307.950195,4140.049805,4153.450195,4153.450195,950223,,,,,,,,,,,,10/17/2022,4307.950195,2414
10/18/2022,2422,2463,2420.149902,2451.25,2451.25,5729899,4188,4189,4110,4139.350098,4139.350098,346218,,,,,,,,,,,,10/18/2022,4189,2463
10/19/2022,2454.5,2527.850098,2441.699951,2493.899902,2493.899902,8882553,4168,4194.100098,4139.350098,4167.850098,4167.850098,266990,,,,,,,,,,,,10/19/2022,4194.100098,2527.850098
10/20/2022,2485,2519,2485,2500.600098,2500.600098,4022919,4155,4233,4140.450195,4226.25,4226.25,292757,,,,,,,,,,,,10/20/2022,4233,2519
10/21/2022,2507.699951,2516.800049,2467,2471.600098,2471.600098,3804352,4244,4249.75,4190.5,4215.549805,4215.549805,184554,,,,,,,,,,,,10/21/2022,4249.75,2516.800049
10/24/2022,2460,2502.5,2455.300049,2479.850098,2479.850098,1555270,4271.899902,4273,4210,4229.950195,4229.950195,71402,,,,,,,,,,,,10/24/2022,4273,2502.5
10/25/2022,2499,2499,2438,2441.550049,2441.550049,5645639,4221,4249.5,4165,4235.600098,4235.600098,160107,,,,,,,,,,,,10/25/2022,4249.5,2499
10/27/2022,2458,2468.449951,2432.800049,2451.149902,2451.149902,5774775,4248,4300,4217.299805,4271.399902,4271.399902,301435,,,,,,,,,,,,10/27/2022,4300,2468.449951
10/28/2022,2465,2535,2459.449951,2526.149902,2526.149902,8126824,4281.399902,4320,4251.549805,4307.350098,4307.350098,120314,,,,,,,,,,,,10/28/2022,4320,2535
10/31/2022,2541,2560.949951,2532.199951,2549.600098,2549.600098,5731802,4316.5,4348,4290,4320.899902,4320.899902,186409,,,,,,,,,,,,10/31/2022,4348,2560.949951
11/1/2022,2600,2600,2508,2529.850098,2529.850098,6443999,4329,4347.100098,4232.549805,4247.5,4247.5,249229,,,,,,,,,,,,11/1/2022,4347.100098,2600
11/2/2022,2532.300049,2550.199951,2515,2545.649902,2545.649902,4145144,4264.799805,4268,4177,4193.649902,4193.649902,254614,,,,,,,,,,,,11/2/2022,4268,2550.199951
11/3/2022,2529.850098,2559.550049,2525.050049,2555.149902,2555.149902,3089026,4180,4230,4165,4194.200195,4194.200195,153178,,,,,,,,,,,,11/3/2022,4230,2559.550049
11/4/2022,2553.899902,2600,2551.100098,2592.75,2592.75,5803737,4200,4207.950195,4150,4167.350098,4167.350098,532072,,,,,,,,,,,,11/4/2022,4207.950195,2600
11/7/2022,2591,2610.300049,2574,2606.600098,2606.600098,5440967,4188.799805,4214.100098,4140.5,4173.5,4173.5,395435,,,,,,,,,,,,11/7/2022,4214.100098,2610.300049
11/9/2022,2610.300049,2621.949951,2590.050049,2604,2604,5193814,4199,4199,4118,4158.700195,4158.700195,361585,,,,,,,,,,,,11/9/2022,4199,2621.949951
11/10/2022,2590,2596.550049,2563,2572.5,2572.5,2753420,4158.700195,4175,4104.399902,4138.850098,4138.850098,254477,,,,,,,,,,,,11/10/2022,4175,2596.550049
11/11/2022,2600,2636,2588,2631.800049,2631.800049,5681124,4159.549805,4169,4117.049805,4128.350098,4128.350098,214392,,,,,,,,,,,,11/11/2022,4169,2636
11/14/2022,2630.75,2642,2605.149902,2619.050049,2619.050049,4173395,4144.799805,4144.799805,4081.800049,4098.350098,4098.350098,300509,,,,,,,,,,,,11/14/2022,4144.799805,2642
11/15/2022,2622.300049,2626.399902,2590,2607.300049,2607.300049,3270388,4082,4109.799805,4046,4053.800049,4053.800049,496893,,,,,,,,,,,,11/15/2022,4109.799805,2626.399902
11/16/2022,2610,2615.949951,2581.350098,2592.350098,2592.350098,4484007,4053.800049,4059.949951,4003.149902,4011.699951,4011.699951,290474,,,,,,,,,,,,11/16/2022,4059.949951,2615.949951
11/17/2022,2584.949951,2613,2580,2599.050049,2599.050049,3074259,4000,4009.949951,3940,3949.199951,3949.199951,365371,,,,,,,,,,,,11/17/2022,4009.949951,2613
11/18/2022,2606.75,2609,2571.100098,2597.649902,2597.649902,2447425,3968.899902,4020,3890.050049,3910.600098,3910.600098,402297,,,,,,,,,,,,11/18/2022,4020,2609
11/21/2022,2588,2588,2543.100098,2550.899902,2550.899902,2949108,3923,3936,3871.050049,3882.300049,3882.300049,204061,,,,,,,,,,,,11/21/2022,3936,2588
11/22/2022,2545,2568.5,2536.5,2565.050049,2565.050049,3051201,3884.949951,4026,3883,3955.199951,3955.199951,504844,,,,,,,,,,,,11/22/2022,4026,2568.5
11/23/2022,2575,2577.899902,2552.25,2557.050049,2557.050049,2959787,3975,3998.600098,3934.25,3954.75,3954.75,182631,,,,,,,,,,,,11/23/2022,3998.600098,2577.899902
11/24/2022,2566,2594,2548.199951,2579.100098,2579.100098,4333225,3974.350098,3994.75,3951.100098,3968.050049,3968.050049,155797,,,,,,,,,,,,11/24/2022,3994.75,2594
11/25/2022,2589,2624.899902,2582.100098,2617.600098,2617.600098,3391988,3969,3977.050049,3901,3904.449951,3904.449951,291850,,,,,,,,,,,,11/25/2022,3977.050049,2624.899902
11/28/2022,2608.899902,2721.050049,2502,2707.550049,2707.550049,14549929,3913.399902,3934,3890,3907.699951,3907.699951,228975,,,,,,,,,,,,11/28/2022,3934,2721.050049
11/29/2022,2703.949951,2731.649902,2694,2712.199951,2712.199951,5103687,3907,3977.550049,3898,3965.100098,3965.100098,344369,,,,,,,,,,,,11/29/2022,3977.550049,2731.649902
11/30/2022,2712.5,2745.449951,2698.199951,2731.350098,2731.350098,12075137,3975,4040,3955,4025.5,4025.5,604666,,,,,,,,,,,,11/30/2022,4040,2745.449951
12/1/2022,2741.800049,2755,2716,2723.300049,2723.300049,4377696,4041,4064,4032.100098,4044.149902,4044.149902,255279,,,,,,,,,,,,12/1/2022,4064,2755
12/2/2022,2730,2748,2700.600098,2722.149902,2722.149902,5348595,4049,4055,3992.550049,4005.75,4005.75,222148,,,,,,,,,,,,12/2/2022,4055,2748
12/5/2022,2712,2716.75,2678,2682.449951,2682.449951,6843367,4010,4049.949951,3975,4028.149902,4028.149902,217716,,,,,,,,,,,,12/5/2022,4049.949951,2716.75
12/6/2022,2665.100098,2697,2661,2690.199951,2690.199951,3966243,4018,4094,3995,4063.399902,4063.399902,224614,,,,,,,,,,,,12/6/2022,4094,2697
12/7/2022,2685,2695,2642.149902,2650.5,2650.5,3905263,4080,4100,4045.149902,4083.149902,4083.149902,257217,,,,,,,,,,,,12/7/2022,4100,2695
12/8/2022,2660,2665,2640.100098,2649.25,2649.25,3579858,4090,4090,4015.399902,4037.199951,4037.199951,177556,,,,,,,,,,,,12/8/2022,4090,2665
12/9/2022,2646,2660,2601.850098,2609.100098,2609.100098,5840633,4054.899902,4057.75,3983.399902,4002.399902,4002.399902,265654,,,,,,,,,,,,12/9/2022,4057.75,2660
12/12/2022,2585.5,2623,2585,2613.100098,2613.100098,4374946,3980,4074,3948,4057.350098,4057.350098,242444,,,,,,,,,,,,12/12/2022,4074,2623
12/13/2022,2613.100098,2633,2606.699951,2625,2625,3845839,4060,4120,4060,4108.950195,4108.950195,275766,,,,,,,,,,,,12/13/2022,4120,2633
12/14/2022,2637.649902,2638.949951,2611,2615.5,2615.5,3354618,4089.100098,4209.850098,4089.100098,4201.100098,4201.100098,545140,,,,,,,,,,,,12/14/2022,4209.850098,2638.949951
12/15/2022,2602.5,2615,2571,2578.350098,2578.350098,4009765,4209,4228.950195,4151,4182,4182,312108,,,,,,,,,,,,12/15/2022,4228.950195,2615
12/16/2022,2571,2618.800049,2558.149902,2565.600098,2565.600098,7308934,4140.649902,4150.5,3956,3990,3990,380722,,,,,,,,,,,,12/16/2022,4150.5,2618.800049
12/19/2022,2581,2604,2566.699951,2599.300049,2599.300049,3567363,4020,4099.899902,4000,4090.199951,4090.199951,300724,,,,,,,,,,,,12/19/2022,4099.899902,2604
12/20/2022,2583.899902,2626,2566,2621.800049,2621.800049,3446291,4088,4138.600098,4052.149902,4089.550049,4089.550049,217791,,,,,,,,,,,,12/20/2022,4138.600098,2626
12/21/2022,2621,2633,2576.100098,2584.5,2584.5,3935463,4094,4109.950195,3975.149902,3993.199951,3993.199951,252192,,,,,,,,,,,,12/21/2022,4109.950195,2633
12/22/2022,2598,2604.649902,2566.75,2577.800049,2577.800049,3438692,4008,4029,3905.5,3921.550049,3921.550049,283003,,,,,,,,,,,,12/22/2022,4029,2604.649902
12/23/2022,2563.300049,2590.5,2492.25,2502.199951,2502.199951,4733657,3896.550049,3911.75,3835,3875.600098,3875.600098,255257,,,,,,,,,,,,12/23/2022,3911.75,2590.5
12/26/2022,2514.75,2542,2492.399902,2524.050049,2524.050049,2764496,3896,4049,3871,4036.600098,4036.600098,205540,,,,,,,,,,,,12/26/2022,4049,2542
12/27/2022,2530,2548.800049,2515.25,2544.699951,2544.699951,2659749,4060,4094,4005,4074.600098,4074.600098,168072,,,,,,,,,,,,12/27/2022,4094,2548.800049
12/28/2022,2538,2549.800049,2521.5,2544.449951,2544.449951,3442509,4077.949951,4077.949951,4007.399902,4017.75,4017.75,130503,,,,,,,,,,,,12/28/2022,4077.949951,2549.800049
12/29/2022,2527,2548.899902,2525.5,2543.300049,2543.300049,3198493,4003.149902,4207.950195,3971.800049,4178.299805,4178.299805,475188,,,,,,,,,,,,12/29/2022,4207.950195,2548.899902
12/30/2022,2545.100098,2577,2541.100098,2547.199951,2547.199951,3364092,4178,4195,4025.149902,4068.75,4068.75,387431,,,,,,,,,,,,12/30/2022,4195,2577
1/2/2023,2550,2579,2548.199951,2575.899902,2575.899902,2453414,4075,4117.950195,4055,4072.75,4072.75,119118,,,,,,,,,,,,1/2/2023,4117.950195,2579
1/3/2023,2565.050049,2573,2547.800049,2557.050049,2557.050049,3534596,4072.75,4099,4044,4060.899902,4060.899902,114013,,,,,,,,,,,,1/3/2023,4099,2573
1/4/2023,2557,2561.050049,2514,2518.550049,2518.550049,4275746,4049.949951,4049.949951,3916,3924.199951,3924.199951,740436,,,,,,,,,,,,1/4/2023,4049.949951,2561.050049
1/5/2023,2523.5,2536.399902,2504,2514.050049,2514.050049,6293519,3955,3964,3845.5,3857.800049,3857.800049,483903,,,,,,,,,,,,1/5/2023,3964,2536.399902
1/6/2023,2526.649902,2547.949951,2518.300049,2536.899902,2536.899902,2930338,3870,3930,3835,3842.5,3842.5,345746,,,,,,,,,,,,1/6/2023,3930,2547.949951
1/9/2023,2545.300049,2602,2543.350098,2596.800049,2596.800049,4948549,3905.800049,3915,3855.550049,3879.550049,3879.550049,280205,,,,,,,,,,,,1/9/2023,3915,2602
1/10/2023,2606,2606,2546,2558.399902,2558.399902,3713755,3898,3919.449951,3861,3877.399902,3877.399902,357855,,,,,,,,,,,,1/10/2023,3919.449951,2606
1/11/2023,2552.5,2558,2521.100098,2526.149902,2526.149902,5311657,3896,3910,3860,3872.899902,3872.899902,156403,,,,,,,,,,,,1/11/2023,3910,2558
1/12/2023,2524.850098,2532.5,2465,2471.600098,2471.600098,8163366,3892,3925.5,3863,3911.800049,3911.800049,212520,,,,,,,,,,,,1/12/2023,3925.5,2532.5
1/13/2023,2458.399902,2472.899902,2434.600098,2467.600098,2467.600098,9515473,3925,3929.649902,3850.100098,3863.699951,3863.699951,283280,,,,,,,,,,,,1/13/2023,3929.649902,2472.899902
1/16/2023,2472.699951,2479.649902,2427,2444.100098,2444.100098,6287407,3690,3748,3645.199951,3678.350098,3678.350098,1809273,,,,,,,,,,,,1/16/2023,3748,2479.649902
1/17/2023,2458,2483,2450.600098,2478.800049,2478.800049,4961585,3681.050049,3733.850098,3675,3689.800049,3689.800049,463947,,,,,,,,,,,,1/17/2023,3733.850098,2483
1/18/2023,2473.5,2491.100098,2460.350098,2474.699951,2474.699951,6206382,3708.25,3720,3641.5,3648.600098,3648.600098,407988,,,,,,,,,,,,1/18/2023,3720,2491.100098
1/19/2023,2472.899902,2481.149902,2456.649902,2472.050049,2472.050049,5510333,3647,3647.800049,3560,3565.100098,3565.100098,583389,,,,,,,,,,,,1/19/2023,3647.800049,2481.149902
1/20/2023,2475,2475,2437.25,2442.649902,2442.649902,6890325,3571.949951,3580,3510,3513.75,3513.75,522635,,,,,,,,,,,,1/20/2023,3580,2475
1/23/2023,2449,2466.199951,2425,2430.300049,2430.300049,5055324,3525,3529.75,3425,3434,3434,892606,,,,,,,,,,,,1/23/2023,3529.75,2466.199951
1/24/2023,2440,2443.649902,2387.350098,2415.949951,2415.949951,7609558,3450,3578,3441,3513.5,3513.5,768031,,,,,,,,,,,,1/24/2023,3578,2443.649902
1/25/2023,2412.449951,2414.699951,2380,2382.550049,2382.550049,5715684,3531.100098,3554.5,3507.300049,3515.100098,3515.100098,474769,,,,,,,,,,,,1/25/2023,3554.5,2414.699951
1/27/2023,2384.399902,2387.350098,2311.649902,2337.350098,2337.350098,11920991,3532.699951,3584,3518.5,3562.350098,3562.350098,308090,,,,,,,,,,,,1/27/2023,3584,2387.350098
1/30/2023,2331.699951,2371.899902,2301,2359.75,2359.75,10047822,3574.899902,3575,3486.050049,3546.300049,3546.300049,272767,,,,,,,,,,,,1/30/2023,3575,2371.899902
1/31/2023,2382,2387.649902,2341,2353.850098,2353.850098,10472167,3555.050049,3582.149902,3492.649902,3502.300049,3502.300049,537429,,,,,,,,,,,,1/31/2023,3582.149902,2387.649902
2/1/2023,2379.949951,2379.949951,2305,2339.899902,2339.899902,8929007,3558,3580,3469.699951,3551.350098,3551.350098,361698,,,,,,,,,,,,2/1/2023,3580,2379.949951
2/2/2023,2318,2348,2311,2326.949951,2326.949951,6305317,3547,3577.800049,3485,3502.899902,3502.899902,222692,,,,,,,,,,,,2/2/2023,3577.800049,2348
2/3/2023,2349,2349,2293,2329,2329,11398850,3517.649902,3522.899902,3465,3470.350098,3470.350098,322648,,,,,,,,,,,,2/3/2023,3522.899902,2349
2/6/2023,2315,2321,2305.800049,2311.449951,2311.449951,6847679,3476.5,3488.399902,3432,3441.5,3441.5,314363,,,,,,,,,,,,2/6/2023,3488.399902,2321
2/7/2023,2312,2327.399902,2293,2305.899902,2305.899902,6985001,3471.5,3475,3438.949951,3440.899902,3440.899902,369288,,,,,,,,,,,,2/7/2023,3475,2327.399902
2/8/2023,2313,2359.899902,2307,2351.949951,2351.949951,9765490,3449,3510,3446.050049,3458.600098,3458.600098,217382,,,,,,,,,,,,2/8/2023,3510,2359.899902
2/9/2023,2353.449951,2370.850098,2334,2356.050049,2356.050049,6079228,3469.649902,3544.149902,3465.149902,3482.050049,3482.050049,372567,,,,,,,,,,,,2/9/2023,3544.149902,2370.850098
2/10/2023,2354.899902,2354.899902,2321.300049,2336.649902,2336.649902,4979789,3499.5,3544.25,3490.600098,3498.850098,3498.850098,393156,,,,,,,,,,,,2/10/2023,3544.25,2354.899902
2/13/2023,2340.199951,2350,2313.550049,2323.350098,2323.350098,4777674,3502,3510,3483,3495.199951,3495.199951,252484,,,,,,,,,,,,2/13/2023,3510,2350
2/14/2023,2329.949951,2381.899902,2323.649902,2378.100098,2378.100098,6609564,3509,3512,3472,3482.699951,3482.699951,496970,,,,,,,,,,,,2/14/2023,3512,2381.899902
2/15/2023,2376,2437.199951,2373,2431.949951,2431.949951,15461902,3480,3568.649902,3464.300049,3545.600098,3545.600098,211636,,,,,,,,,,,,2/15/2023,3568.649902,2437.199951
2/16/2023,2449.449951,2463.800049,2425.050049,2430.050049,2430.050049,7967558,3546,3567.949951,3535,3541.699951,3541.699951,315147,,,,,,,,,,,,2/16/2023,3567.949951,2463.800049
2/17/2023,2420,2447.5,2410.600098,2440.199951,2440.199951,5450092,3530,3567.699951,3515,3545,3545,202556,,,,,,,,,,,,2/17/2023,3567.699951,2447.5
2/20/2023,2445,2449.75,2410.100098,2414.399902,2414.399902,4078245,3545.949951,3574.75,3540.050049,3552.850098,3552.850098,191038,,,,,,,,,,,,2/20/2023,3574.75,2449.75
2/21/2023,2424,2446.800049,2412.350098,2434.100098,2434.100098,6143298,3570,3570,3516.25,3525.600098,3525.600098,302260,,,,,,,,,,,,2/21/2023,3570,2446.800049
2/22/2023,2425.949951,2430,2375.050049,2378.899902,2378.899902,5087729,3502,3521.850098,3486.600098,3500.149902,3500.149902,117550,,,,,,,,,,,,2/22/2023,3521.850098,2430
2/23/2023,2378,2394.75,2361.350098,2367.5,2367.5,4546655,3503.899902,3515,3437,3478.75,3478.75,237976,,,,,,,,,,,,2/23/2023,3515,2394.75
2/24/2023,2372,2396.149902,2368,2383.699951,2383.699951,4353814,3496.149902,3514.399902,3468,3499.199951,3499.199951,113844,,,,,,,,,,,,2/24/2023,3514.399902,2396.149902
2/27/2023,2382,2389.649902,2351.699951,2367.850098,2367.850098,5168667,3485.050049,3499.899902,3441,3491.300049,3491.300049,132235,,,,,,,,,,,,2/27/2023,3499.899902,2389.649902
2/28/2023,2356.100098,2367,2313.649902,2322.550049,2322.550049,10150245,3490.199951,3508,3373,3416.949951,3416.949951,328221,,,,,,,,,,,,2/28/2023,3508,2367
3/1/2023,2344,2345.5,2323.25,2343.899902,2343.899902,5330852,3441.399902,3474,3431.050049,3439.350098,3439.350098,145318,,,,,,,,,,,,3/1/2023,3474,2345.5
3/2/2023,2337,2351.649902,2321.600098,2326.050049,2326.050049,4307425,3447,3450,3425.5,3443.199951,3443.199951,191133,,,,,,,,,,,,3/2/2023,3450,2351.649902
3/3/2023,2349.149902,2393.449951,2341.550049,2385.399902,2385.399902,6758115,3460.449951,3474,3420.399902,3463.25,3463.25,264633,,,,,,,,,,,,3/3/2023,3474,2393.449951
3/6/2023,2400,2424.600098,2400,2408.699951,2408.699951,4694338,3480.600098,3482.899902,3423.199951,3437.149902,3437.149902,189782,,,,,,,,,,,,3/6/2023,3482.899902,2424.600098
3/8/2023,2408.699951,2419,2385,2417.350098,2417.350098,7283694,3439.75,3453,3380.5,3389.699951,3389.699951,355089,,,,,,,,,,,,3/8/2023,3453,2419
3/9/2023,2416,2416.899902,2355.100098,2359.25,2359.25,7492509,3393,3413.300049,3385,3397.850098,3397.850098,389606,,,,,,,,,,,,3/9/2023,3413.300049,2416.899902
3/10/2023,2341.5,2344,2315.050049,2322.699951,2322.699951,6153681,3390,3415.699951,3380.050049,3391.850098,3391.850098,265311,,,,,,,,,,,,3/10/2023,3415.699951,2344
3/13/2023,2329,2344,2275,2284.5,2284.5,5894088,3391.850098,3415,3348.100098,3351.75,3351.75,195345,,,,,,,,,,,,3/13/2023,3415,2344
3/14/2023,2280,2304.949951,2269.050049,2275.949951,2275.949951,7396699,3350,3367.699951,3303.300049,3350.949951,3350.949951,268245,,,,,,,,,,,,3/14/2023,3367.699951,2304.949951
3/15/2023,2284.100098,2298.300049,2227.399902,2237.050049,2237.050049,10027725,3350,3363.149902,3330,3337.25,3337.25,231760,,,,,,,,,,,,3/15/2023,3363.149902,2298.300049
3/16/2023,2243,2254,2202.199951,2225.899902,2225.899902,8474595,3337.25,3455.149902,3292,3382.149902,3382.149902,353906,,,,,,,,,,,,3/16/2023,3455.149902,2254
3/17/2023,2244.75,2251.949951,2212.699951,2223.100098,2223.100098,15697554,3398,3399,3300,3311.300049,3311.300049,562867,,,,,,,,,,,,3/17/2023,3399,2251.949951
3/20/2023,2215,2220,2180,2201.25,2201.25,9010595,3295,3377.550049,3295,3366.100098,3366.100098,240057,,,,,,,,,,,,3/20/2023,3377.550049,2220
3/21/2023,2218.949951,2274,2217,2269.699951,2269.699951,9876263,3371.899902,3374.050049,3326.149902,3357.600098,3357.600098,223590,,,,,,,,,,,,3/21/2023,3374.050049,2274
3/22/2023,2285,2291.449951,2270,2276.600098,2276.600098,5039622,3365,3415,3355,3361.399902,3361.399902,226672,,,,,,,,,,,,3/22/2023,3415,2291.449951
3/23/2023,2268,2269.899902,2243.050049,2247.800049,2247.800049,7499082,3361.350098,3393.800049,3342.100098,3373.5,3373.5,191330,,,,,,,,,,,,3/23/2023,3393.800049,2269.899902
3/24/2023,2245.25,2250,2198,2203.300049,2203.300049,5711497,3372,3386.050049,3350.050049,3358.399902,3358.399902,178783,,,,,,,,,,,,3/24/2023,3386.050049,2250
3/27/2023,2217.5,2254,2200.199951,2237.550049,2237.550049,6486068,3367,3369,3300.300049,3306.800049,3306.800049,211474,,,,,,,,,,,,3/27/2023,3369,2254
3/28/2023,2245,2256.5,2237,2248,2248,5804018,3308,3355,3300,3316.449951,3316.449951,155615,,,,,,,,,,,,3/28/2023,3355,2256.5
3/29/2023,2239,2244.800049,2211.100098,2234.699951,2234.699951,8678073,3320,3385,3315,3325.449951,3325.449951,276925,,,,,,,,,,,,3/29/2023,3385,2244.800049
3/31/2023,2255,2343.449951,2254.699951,2331.050049,2331.050049,13001005,3325,3415,3325,3401.050049,3401.050049,286361,,,,,,,,,,,,3/31/2023,3415,2343.449951
4/3/2023,2345,2349,2315,2331.449951,2331.449951,4750238,3413.050049,3580,3413.050049,3553.75,3553.75,429164,,,,,,,,,,,,4/3/2023,3580,2349
4/5/2023,2348,2348,2308.550049,2325.850098,2325.850098,7505339,3571.949951,3666.699951,3565.050049,3654.850098,3654.850098,481018,,,,,,,,,,,,4/5/2023,3666.699951,2348
4/6/2023,2318.149902,2354,2318.149902,2341.449951,2341.449951,8507771,3644.850098,3644.850098,3480.100098,3496.100098,3496.100098,886236,,,,,,,,,,,,4/6/2023,3644.850098,2354
4/10/2023,2350,2350.399902,2321.550049,2324.850098,2324.850098,5981688,3504,3533.949951,3437.800049,3450.699951,3450.699951,242779,,,,,,,,,,,,4/10/2023,3533.949951,2350.399902
4/11/2023,2334,2341,2324.050049,2336.350098,2336.350098,4865301,3465,3499,3446,3454.199951,3454.199951,193991,,,,,,,,,,,,4/11/2023,3499,2341
4/12/2023,2336.350098,2367.800049,2330.050049,2346.649902,2346.649902,8389646,3467,3498,3458,3473.100098,3473.100098,214203,,,,,,,,,,,,4/12/2023,3498,2367.800049
4/13/2023,2353,2365.800049,2342,2355.5,2355.5,5712541,3480,3518.949951,3470.050049,3501.050049,3501.050049,159631,,,,,,,,,,,,4/13/2023,3518.949951,2365.800049
4/17/2023,2424.949951,2424.949951,2349.050049,2367.449951,2367.449951,8274452,3500,3530,3446,3497.100098,3497.100098,239351,,,,,,,,,,,,4/17/2023,3530,2424.949951
4/18/2023,2377,2377,2326,2340.350098,2340.350098,4802172,3501.949951,3565,3461,3506.800049,3506.800049,304634,,,,,,,,,,,,4/18/2023,3565,2377
4/19/2023,2339.050049,2357.899902,2332.199951,2352,2352,5664207,3506.75,3528,3470,3476.199951,3476.199951,157606,,,,,,,,,,,,4/19/2023,3528,2357.899902
4/20/2023,2354.100098,2359,2332.100098,2346.050049,2346.050049,3233882,3489.199951,3492,3455,3482.199951,3482.199951,137578,,,,,,,,,,,,4/20/2023,3492,2359
4/21/2023,2350.649902,2361,2336.399902,2349,2349,3529236,3482.100098,3482.199951,3440,3455.899902,3455.899902,191220,,,,,,,,,,,,4/21/2023,3482.199951,2361
4/24/2023,2375,2380.899902,2348,2358,2358,5970048,3469.800049,3474,3445,3467.199951,3467.199951,95563,,,,,,,,,,,,4/24/2023,3474,2380.899902
4/25/2023,2366,2380.600098,2350.5,2376.050049,2376.050049,4262471,3469.050049,3479,3443.050049,3465.850098,3465.850098,179508,,,,,,,,,,,,4/25/2023,3479,2380.600098
4/26/2023,2379,2386.100098,2354.050049,2362.100098,2362.100098,3977129,3465.850098,3476.149902,3447,3461.600098,3461.600098,300045,,,,,,,,,,,,4/26/2023,3476.149902,2386.100098
4/27/2023,2375,2384,2364,2377.050049,2377.050049,4230627,3460.100098,3509.949951,3449.199951,3500.800049,3500.800049,235408,,,,,,,,,,,,4/27/2023,3509.949951,2384
4/28/2023,2382,2423.899902,2381.75,2420.5,2420.5,7183342,3500.800049,3522,3480,3511.949951,3511.949951,224156,,,,,,,,,,,,4/28/2023,3522,2423.899902
5/2/2023,2436.199951,2445.800049,2428.100098,2441.050049,2441.050049,5991101,3515,3552.75,3504.649902,3545.899902,3545.899902,237127,,,,,,,,,,,,5/2/2023,3552.75,2445.800049
5/3/2023,2445,2445,2413.050049,2420.100098,2420.100098,3259053,3540,3584.800049,3516.050049,3554,3554,195083,,,,,,,,,,,,5/3/2023,3584.800049,2445
5/4/2023,2421.149902,2452.850098,2414.600098,2448,2448,3985159,3550,3589,3533,3584.5,3584.5,148562,,,,,,,,,,,,5/4/2023,3589,2452.850098
5/5/2023,2441,2461.350098,2436,2441.75,2441.75,4036548,3560.050049,3605,3556.350098,3598.199951,3598.199951,183726,,,,,,,,,,,,5/5/2023,3605,2461.350098
5/8/2023,2450,2483.649902,2444.149902,2471.899902,2471.899902,4224469,3615.100098,3690,3610,3677.850098,3677.850098,313499,,,,,,,,,,,,5/8/2023,3690,2483.649902
5/9/2023,2475,2486.800049,2463.25,2479.550049,2479.550049,2983468,3721,3750,3640.199951,3659.699951,3659.699951,385755,,,,,,,,,,,,5/9/2023,3750,2486.800049
5/10/2023,2490,2499.850098,2481.199951,2496.600098,2496.600098,5017544,3660,3693.649902,3622.649902,3672.300049,3672.300049,181718,,,,,,,,,,,,5/10/2023,3693.649902,2499.850098
5/11/2023,2498.949951,2509.5,2476.550049,2480.300049,2480.300049,4872451,3673.300049,3730.100098,3665,3704.649902,3704.649902,178603,,,,,,,,,,,,5/11/2023,3730.100098,2509.5
5/12/2023,2469.800049,2487.399902,2456.5,2484.350098,2484.350098,3209889,3715,3717,3641,3677.550049,3677.550049,253518,,,,,,,,,,,,5/12/2023,3717,2487.399902
5/15/2023,2489.899902,2504.550049,2473.149902,2489.25,2489.25,3153587,3550,3589,3506.600098,3523.399902,3523.399902,943990,,,,,,,,,,,,5/15/2023,3589,2504.550049
5/16/2023,2494,2499.600098,2450.149902,2453.800049,2453.800049,4023000,3535.399902,3557.050049,3475,3479.25,3479.25,536281,,,,,,,,,,,,5/16/2023,3557.050049,2499.600098
5/17/2023,2463,2465,2429,2439.300049,2439.300049,4060722,3491.699951,3498.5,3394,3400.199951,3400.199951,560388,,,,,,,,,,,,5/17/2023,3498.5,2465
5/18/2023,2449.550049,2457,2427.149902,2434.050049,2434.050049,4857531,3420.050049,3451.100098,3352,3368.550049,3368.550049,289248,,,,,,,,,,,,5/18/2023,3451.100098,2457
5/19/2023,2434.050049,2445.949951,2418.850098,2441.949951,2441.949951,3715280,3390,3434,3375.600098,3395.25,3395.25,265437,,,,,,,,,,,,5/19/2023,3434,2445.949951
5/22/2023,2435,2466,2432.350098,2455,2455,3431208,3400,3438.75,3382.149902,3425.100098,3425.100098,221481,,,,,,,,,,,,5/22/2023,3438.75,2466
5/23/2023,2460.649902,2468,2451.449951,2454.550049,2454.550049,2811473,3425.5,3445,3420.600098,3432.949951,3432.949951,168585,,,,,,,,,,,,5/23/2023,3445,2468
5/24/2023,2445.899902,2464,2433.449951,2440.25,2440.25,3743804,3432,3439.899902,3406.199951,3429.550049,3429.550049,148601,,,,,,,,,,,,5/24/2023,3439.899902,2464
5/25/2023,2433.899902,2449,2416.050049,2439.949951,2439.949951,5301647,3430,3450.75,3429,3435.350098,3435.350098,153240,,,,,,,,,,,,5/25/2023,3450.75,2449
5/26/2023,2458,2509,2450.75,2506.5,2506.5,5827017,3448.899902,3512,3442.100098,3501.75,3501.75,277113,,,,,,,,,,,,5/26/2023,3512,2509
5/29/2023,2521,2530,2507.199951,2520.600098,2520.600098,4619754,3540,3545,3482.25,3503.300049,3503.300049,228840,,,,,,,,,,,,5/29/2023,3545,2530
5/30/2023,2520.600098,2537.699951,2514.350098,2519.949951,2519.949951,5234564,3517.949951,3530,3496.850098,3507.5,3507.5,294224,,,,,,,,,,,,5/30/2023,3530,2537.699951
5/31/2023,2500,2509.850098,2461,2469.899902,2469.899902,12510304,3519.899902,3522.350098,3437.350098,3471.25,3471.25,917960,,,,,,,,,,,,5/31/2023,3522.350098,2509.850098
6/1/2023,2480.149902,2484.899902,2458,2463.25,2463.25,6734525,3480,3527,3473,3500.899902,3500.899902,189632,,,,,,,,,,,,6/1/2023,3527,2484.899902
6/2/2023,2471,2482.850098,2451,2455.199951,2455.199951,7291995,3510,3555,3506.100098,3531.600098,3531.600098,396067,,,,,,,,,,,,6/2/2023,3555,2482.850098
6/5/2023,2467.199951,2483.75,2458.449951,2477.25,2477.25,5034355,3550,3555,3521.699951,3536.850098,3536.850098,182062,,,,,,,,,,,,6/5/2023,3555,2483.75
6/6/2023,2483.449951,2487.699951,2462,2479.350098,2479.350098,3458161,3536,3565,3495.050049,3527.75,3527.75,179039,,,,,,,,,,,,6/6/2023,3565,2487.699951
6/7/2023,2487,2500,2472.600098,2498.149902,2498.149902,4759238,3536,3550,3516.050049,3544.050049,3544.050049,228651,,,,,,,,,,,,6/7/2023,3550,2500
6/8/2023,2506,2516.850098,2491,2499.649902,2499.649902,5570815,3554.800049,3572.699951,3535,3546.800049,3546.800049,185099,,,,,,,,,,,,6/8/2023,3572.699951,2516.850098
6/9/2023,2507,2508.550049,2478,2481.949951,2481.949951,2712243,3586,3648,3568.550049,3632.100098,3632.100098,661360,,,,,,,,,,,,6/9/2023,3648,2508.550049
6/12/2023,2475.5,2489.199951,2465,2484.149902,2484.149902,2949893,3646.949951,3646.949951,3584.050049,3629.399902,3629.399902,247071,,,,,,,,,,,,6/12/2023,3646.949951,2489.199951
6/13/2023,2495,2523.449951,2486.25,2520.850098,2520.850098,5190958,3644,3703.449951,3630,3677.899902,3677.899902,353631,,,,,,,,,,,,6/13/2023,3703.449951,2523.449951
6/14/2023,2521,2555,2517,2551.850098,2551.850098,6127509,3693.75,3740,3662,3704.850098,3704.850098,376196,,,,,,,,,,,,6/14/2023,3740,2555
6/15/2023,2551.800049,2562.550049,2535.5,2552.550049,2552.550049,5451926,3745,3960,3723.25,3917.699951,3917.699951,1159134,,,,,,,,,,,,6/15/2023,3960,2562.550049
6/16/2023,2560.199951,2582.399902,2560.199951,2577.399902,2577.399902,11155180,3952,4144,3951.5,4085.600098,4085.600098,2113207,,,,,,,,,,,,6/16/2023,4144,2582.399902
6/19/2023,2584,2584,2542.649902,2551.800049,2551.800049,3137532,4086,4150,3956.25,3975.699951,3975.699951,703098,,,,,,,,,,,,6/19/2023,4150,2584
6/20/2023,2547.550049,2564,2535,2557.100098,2557.100098,3194085,3985,4045,3910,3986.899902,3986.899902,531748,,,,,,,,,,,,6/20/2023,4045,2564
6/21/2023,2557,2569.850098,2548,2564.300049,2564.300049,3212779,3987,4028.850098,3898.050049,3919.5,3919.5,310779,,,,,,,,,,,,6/21/2023,4028.850098,2569.850098
6/22/2023,2556,2573.300049,2532,2535.5,2535.5,3516244,3935,3940,3800,3812.149902,3812.149902,311631,,,,,,,,,,,,6/22/2023,3940,2573.300049
6/23/2023,2528.899902,2533.399902,2512,2514.75,2514.75,3059084,3823.949951,3845,3731.899902,3744.050049,3744.050049,278868,,,,,,,,,,,,6/23/2023,3845,2533.399902
